Workbook

Sheet summary
A1: isOptimal | B1: n | C1: Time Taken (s) | D1: Original Puzzle Location | E1: Final Path Location
A2: TRUE | B2: 8 | C2: 0.0060031414 | D2: ../data/board.txt | E2: ../res/board.txt
A3: TRUE | B3: 8 | C3: 0.0054769516 | D3: ../data/board_0.txt | E3: ../res/board_0.txt
A4: TRUE | B4: 8 | C4: 0.0055668354 | D4: ../data/board_1.txt | E4: ../res/board_1.txt
A5: TRUE | B5: 8 | C5: 0.0065329075 | D5: ../data/board_10.txt | E5: ../res/board_10.txt
A6: TRUE | B6: 8 | C6: 0.0073940754 | D6: ../data/board_11.txt | E6: ../res/board_11.txt
A7: TRUE | B7: 8 | C7: 0.006939888 | D7: ../data/board_12.txt | E7: ../res/board_12.txt
A8: TRUE | B8: 8 | C8: 0.0098390579 | D8: ../data/board_13.txt | E8: ../res/board_13.txt
A9: TRUE | B9: 8 | C9: 0.0060460567 | D9: ../data/board_14.txt | E9: ../res/board_14.txt
A10: TRUE | B10: 8 | C10: 0.0083870888 | D10: ../data/board_15.txt | E10: ../res/board_15.txt
A11: TRUE | B11: 8 | C11: 0.0090348721 | D11: ../data/board_16.txt | E11: ../res/board_16.txt
A12: TRUE | B12: 8 | C12: 0.0036768913 | D12: ../data/board_17.txt | E12: ../res/board_17.txt
A13: TRUE | B13: 8 | C13: 0.0081470013 | D13: ../data/board_18.txt | E13: ../res/board_18.txt
... A252: TRUE | B252: 192 | C252: 72.218176 | D252: ../data/board_248.txt | E252: ../res/board_248.txt

Sheet overview
A1: n | B1: Count | C1: Average | D1: Stdev | E1: StdError
A2: 8 | B2: =COUNTIF(summary!B:B,A2) -> 25 | C2: =AVERAGEIF(summary!B:B,A2,summary!C:C) -> 0.0076234055 | D2: {=STDEV(IF(summary!B:B=A2,summary!C:C))} -> 0.004688585 | E2: =D2/SQRT(B2) -> 0.000937717
A3: 16 | B3: =COUNTIF(summary!B:B,A3) -> 25 | C3: =AVERAGEIF(summary!B:B,A3,summary!C:C) -> 0.023040915 | D3: {=STDEV(IF(summary!B:B=A3,summary!C:C))} -> 0.0074162616 | E3: =D3/SQRT(B3) -> 0.0014832523
A4: 24 | B4: =COUNTIF(summary!B:B,A4) -> 25 | C4: =AVERAGEIF(summary!B:B,A4,summary!C:C) -> 0.11832618 | D4: {=STDEV(IF(summary!B:B=A4,summary!C:C))} -> 0.014631177 | E4: =D4/SQRT(B4) -> 0.0029262354
A5: 32 | B5: =COUNTIF(summary!B:B,A5) -> 25 | C5: =AVERAGEIF(summary!B:B,A5,summary!C:C) -> 0.30937831 | D5: {=STDEV(IF(summary!B:B=A5,summary!C:C))} -> 0.026709961 | E5: =D5/SQRT(B5) -> 0.0053419922
A6: 40 | B6: =COUNTIF(summary!B:B,A6) -> 25 | C6: =AVERAGEIF(summary!B:B,A6,summary!C:C) -> 0.53227662 | D6: {=STDEV(IF(summary!B:B=A6,summary!C:C))} -> 0.057255122 | E6: =D6/SQRT(B6) -> 0.011451024
A7: 48 | B7: =COUNTIF(summary!B:B,A7) -> 25 | C7: =AVERAGEIF(summary!B:B,A7,summary!C:C) -> 1.1474429 | D7: {=STDEV(IF(summary!B:B=A7,summary!C:C))} -> 0.22842075 | E7: =D7/SQRT(B7) -> 0.045684149
A8: 64 | B8: =COUNTIF(summary!B:B,A8) -> 25 | C8: =AVERAGEIF(summary!B:B,A8,summary!C:C) -> 2.3769023 | D8: {=STDEV(IF(summary!B:B=A8,summary!C:C))} -> 0.24055708 | E8: =D8/SQRT(B8) -> 0.048111417
A9: 80 | B9: =COUNTIF(summary!B:B,A9) -> 20 | C9: =AVERAGEIF(summary!B:B,A9,summary!C:C) -> 4.6850021 | D9: {=STDEV(IF(summary!B:B=A9,summary!C:C))} -> 0.48606595 | E9: =D9/SQRT(B9) -> 0.10868765
A10: 96 | B10: =COUNTIF(summary!B:B,A10) -> 20 | C10: =AVERAGEIF(summary!B:B,A10,summary!C:C) -> 8.7805326 | D10: {=STDEV(IF(summary!B:B=A10,summary!C:C))} -> 1.3932245 | E10: =D10/SQRT(B10) -> 0.31153447
A11: 128 | B11: =COUNTIF(summary!B:B,A11) -> 14 | C11: =AVERAGEIF(summary!B:B,A11,summary!C:C) -> 15.713678 | D11: {=STDEV(IF(summary!B:B=A11,summary!C:C))} -> 1.9581226 | E11: =D11/SQRT(B11) -> 0.52333029
A12: 160 | B12: =COUNTIF(summary!B:B,A12) -> 12 | C12: =AVERAGEIF(summary!B:B,A12,summary!C:C) -> 37.071209 | D12: {=STDEV(IF(summary!B:B=A12,summary!C:C))} -> 5.3130456 | E12: =D12/SQRT(B12) -> 1.5337441
A13: 192 | B13: =COUNTIF(summary!B:B,A13) -> 10 | C13: =AVERAGEIF(summary!B:B,A13,summary!C:C) -> 78.781228 | D13: {=STDEV(IF(summary!B:B=A13,summary!C:C))} -> 6.2704749 | E13: =D13/SQRT(B13) -> 1.9828983
